-- MySQL Script generated by MySQL Workbench
-- Mon Oct  5 23:51:27 2020
-- Model: New Model    Version: 1.0
-- MySQL Workbench Forward Engineering

SET @OLD_UNIQUE_CHECKS=@@UNIQUE_CHECKS, UNIQUE_CHECKS=0;
SET @OLD_FOREIGN_KEY_CHECKS=@@FOREIGN_KEY_CHECKS, FOREIGN_KEY_CHECKS=0;
SET @OLD_SQL_MODE=@@SQL_MODE, SQL_MODE='ONLY_FULL_GROUP_BY,STRICT_TRANS_TABLES,NO_ZERO_IN_DATE,NO_ZERO_DATE,ERROR_FOR_DIVISION_BY_ZERO,NO_ENGINE_SUBSTITUTION';

-- -----------------------------------------------------
-- Schema jj16e
-- -----------------------------------------------------
DROP SCHEMA IF EXISTS `jj16e` ;

-- -----------------------------------------------------
-- Schema jj16e
-- -----------------------------------------------------
CREATE SCHEMA IF NOT EXISTS `jj16e` DEFAULT CHARACTER SET utf8 COLLATE utf8_unicode_ci ;
SHOW WARNINGS;
-- -----------------------------------------------------
-- Schema jj16e
-- -----------------------------------------------------
DROP SCHEMA IF EXISTS `jj16e` ;

-- -----------------------------------------------------
-- Schema jj16e
-- -----------------------------------------------------
CREATE SCHEMA IF NOT EXISTS `jj16e` DEFAULT CHARACTER SET utf8 COLLATE utf8_unicode_ci ;
SHOW WARNINGS;
USE `jj16e` ;
USE `jj16e` ;

-- -----------------------------------------------------
-- Table `jj16e`.`customer`
-- -----------------------------------------------------
DROP TABLE IF EXISTS `jj16e`.`customer` ;

SHOW WARNINGS;
CREATE TABLE IF NOT EXISTS `jj16e`.`customer` (
  `cus_id` SMALLINT(5) UNSIGNED NOT NULL AUTO_INCREMENT,
  `cus_fname` VARCHAR(15) NOT NULL,
  `cus_lname` VARCHAR(30) NOT NULL,
  `cus_street` VARCHAR(30) NOT NULL,
  `cus_city` VARCHAR(30) NOT NULL,
  `cus_state` CHAR(2) NOT NULL,
  `cus_zip` INT(9) UNSIGNED NOT NULL,
  `cus_phone` BIGINT(20) UNSIGNED NOT NULL,
  `cus_email` VARCHAR(100) NOT NULL,
  `cus_balance` DECIMAL(8,2) NOT NULL,
  `cus_total_sales` DECIMAL(8,2) NOT NULL,
  `cus_notes` VARCHAR(255) NULL DEFAULT NULL,
  PRIMARY KEY (`cus_id`))
ENGINE = InnoDB
AUTO_INCREMENT = 11
DEFAULT CHARACTER SET = utf8
COLLATE = utf8_unicode_ci;

SHOW WARNINGS;

-- -----------------------------------------------------
-- Table `jj16e`.`petstore`
-- -----------------------------------------------------
DROP TABLE IF EXISTS `jj16e`.`petstore` ;

SHOW WARNINGS;
CREATE TABLE IF NOT EXISTS `jj16e`.`petstore` (
  `pst_id` SMALLINT(5) UNSIGNED NOT NULL AUTO_INCREMENT,
  `pst_name` VARCHAR(30) NOT NULL,
  `pst_street` VARCHAR(30) NOT NULL,
  `pst_city` VARCHAR(30) NOT NULL,
  `pst_state` VARCHAR(2) NOT NULL,
  `pst_zip` INT(9) UNSIGNED NOT NULL,
  `pst_phone` BIGINT(20) UNSIGNED NOT NULL,
  `pst_email` VARCHAR(100) NOT NULL,
  `pst_url` VARCHAR(100) NOT NULL,
  `pst_ytd_sales` DECIMAL(10,2) NOT NULL,
  `pst_notes` VARCHAR(225) NULL DEFAULT NULL,
  PRIMARY KEY (`pst_id`))
ENGINE = InnoDB
AUTO_INCREMENT = 11
DEFAULT CHARACTER SET = utf8
COLLATE = utf8_unicode_ci;

SHOW WARNINGS;

-- -----------------------------------------------------
-- Table `jj16e`.`pet`
-- -----------------------------------------------------
DROP TABLE IF EXISTS `jj16e`.`pet` ;

SHOW WARNINGS;
CREATE TABLE IF NOT EXISTS `jj16e`.`pet` (
  `pet_id` SMALLINT(5) UNSIGNED NOT NULL AUTO_INCREMENT,
  `pst_id` SMALLINT(5) UNSIGNED NOT NULL,
  `cus_id` SMALLINT(5) UNSIGNED NULL DEFAULT NULL,
  `pet_type` VARCHAR(45) NOT NULL,
  `pet_sex` ENUM('m', 'f') NOT NULL,
  `pet_cost` DECIMAL(6,2) NOT NULL,
  `pet_price` DECIMAL(6,2) NOT NULL,
  `pet_age` TINYINT(4) NOT NULL,
  `pet_color` VARCHAR(30) NOT NULL,
  `pet_sale_date` DATE NULL DEFAULT NULL,
  `pet_vaccine` ENUM('y', 'n') NOT NULL,
  `pet_neuter` ENUM('y', 'n') NOT NULL,
  `pet_notes` VARCHAR(255) NULL DEFAULT NULL,
  PRIMARY KEY (`pet_id`),
  INDEX `fk_pet_customer_idx` (`cus_id` ASC) VISIBLE,
  INDEX `fk_pet_petstore1_idx` (`pst_id` ASC) VISIBLE,
  CONSTRAINT `fk_pet_customer`
    FOREIGN KEY (`cus_id`)
    REFERENCES `jj16e`.`customer` (`cus_id`)
    ON DELETE CASCADE
    ON UPDATE CASCADE,
  CONSTRAINT `fk_pet_petstore1`
    FOREIGN KEY (`pst_id`)
    REFERENCES `jj16e`.`petstore` (`pst_id`)
    ON DELETE CASCADE
    ON UPDATE CASCADE)
ENGINE = InnoDB
AUTO_INCREMENT = 11
DEFAULT CHARACTER SET = utf8
COLLATE = utf8_unicode_ci;

SHOW WARNINGS;

SET SQL_MODE=@OLD_SQL_MODE;
SET FOREIGN_KEY_CHECKS=@OLD_FOREIGN_KEY_CHECKS;
SET UNIQUE_CHECKS=@OLD_UNIQUE_CHECKS;

-- -----------------------------------------------------
-- Data for table `jj16e`.`customer`
-- -----------------------------------------------------
START TRANSACTION;
USE `jj16e`;
INSERT INTO `jj16e`.`customer` (`cus_id`, `cus_fname`, `cus_lname`, `cus_street`, `cus_city`, `cus_state`, `cus_zip`, `cus_phone`, `cus_email`, `cus_balance`, `cus_total_sales`, `cus_notes`) VALUES (1, 'Shayne', 'Alongi', '567 Pizza St', 'Tallahassee', 'FL', 32309, 3053047852, 'alongi_shayne@yahoo.com', 300.78, 915.34, NULL);
INSERT INTO `jj16e`.`customer` (`cus_id`, `cus_fname`, `cus_lname`, `cus_street`, `cus_city`, `cus_state`, `cus_zip`, `cus_phone`, `cus_email`, `cus_balance`, `cus_total_sales`, `cus_notes`) VALUES (2, 'Stephanie ', 'Carter', '12 California Lane ', 'Key West', 'FL', 33040, 3059234837, 'shiftingclouds@hotmail.com', 150.45, 700.00, NULL);
INSERT INTO `jj16e`.`customer` (`cus_id`, `cus_fname`, `cus_lname`, `cus_street`, `cus_city`, `cus_state`, `cus_zip`, `cus_phone`, `cus_email`, `cus_balance`, `cus_total_sales`, `cus_notes`) VALUES (3, 'Kyle ', 'Smith', '7890 Azalea Road ', 'Orlando', 'FL', 32301, 3059237893, 'pizzapies@gmail.com', 5.90, 1025.45, NULL);
INSERT INTO `jj16e`.`customer` (`cus_id`, `cus_fname`, `cus_lname`, `cus_street`, `cus_city`, `cus_state`, `cus_zip`, `cus_phone`, `cus_email`, `cus_balance`, `cus_total_sales`, `cus_notes`) VALUES (4, 'Amanda', 'Luna', '673 Trappers Lane ', 'Corpus Christi', 'TX', 78336, 2817890912, 'moonmoona@icloud.com', 0.00, 980.09, NULL);
INSERT INTO `jj16e`.`customer` (`cus_id`, `cus_fname`, `cus_lname`, `cus_street`, `cus_city`, `cus_state`, `cus_zip`, `cus_phone`, `cus_email`, `cus_balance`, `cus_total_sales`, `cus_notes`) VALUES (5, 'Christian ', 'Luna', '23 Evergreen Ave', 'Belleville', 'IL', 32091, 6187891203, 'cluna234@shaw.ca', 56.00, 756.17, NULL);
INSERT INTO `jj16e`.`customer` (`cus_id`, `cus_fname`, `cus_lname`, `cus_street`, `cus_city`, `cus_state`, `cus_zip`, `cus_phone`, `cus_email`, `cus_balance`, `cus_total_sales`, `cus_notes`) VALUES (6, 'Daniel', 'Dizon ', '453 Thomasvile Rd', 'Belleville', 'IL', 3281, 6184568765, 'tripledaniel@yahoo.com', 1150.67, 2000.00, NULL);
INSERT INTO `jj16e`.`customer` (`cus_id`, `cus_fname`, `cus_lname`, `cus_street`, `cus_city`, `cus_state`, `cus_zip`, `cus_phone`, `cus_email`, `cus_balance`, `cus_total_sales`, `cus_notes`) VALUES (7, 'Ruby', 'Roberts', '4569 Tampa Drive ', 'New York ', 'NY', 10001, 7180985432, 'roberts@yahoo.com', 0.00, 2500.00, NULL);
INSERT INTO `jj16e`.`customer` (`cus_id`, `cus_fname`, `cus_lname`, `cus_street`, `cus_city`, `cus_state`, `cus_zip`, `cus_phone`, `cus_email`, `cus_balance`, `cus_total_sales`, `cus_notes`) VALUES (8, 'Terrell', 'Pinellas', '34 Tralee Rd', 'Atlanta', 'GA', 30313, 4048902199, 'pine@gmail.com', 34.56, 256.00, NULL);
INSERT INTO `jj16e`.`customer` (`cus_id`, `cus_fname`, `cus_lname`, `cus_street`, `cus_city`, `cus_state`, `cus_zip`, `cus_phone`, `cus_email`, `cus_balance`, `cus_total_sales`, `cus_notes`) VALUES (9, 'Kiki', 'Pike', '345 East Street', 'San Diego', 'CA', 92101, 7608901298, 'pikekiki@rocketmail.com', 249.00, 300.09, NULL);
INSERT INTO `jj16e`.`customer` (`cus_id`, `cus_fname`, `cus_lname`, `cus_street`, `cus_city`, `cus_state`, `cus_zip`, `cus_phone`, `cus_email`, `cus_balance`, `cus_total_sales`, `cus_notes`) VALUES (10, 'Angelo ', 'Guess', '123 N. Roosevelt', 'Twentynine Palms', 'CA', 92277, 7608901280, 'angyguess@yahoo.com', 0.00, 4035.45, NULL);

COMMIT;


-- -----------------------------------------------------
-- Data for table `jj16e`.`petstore`
-- -----------------------------------------------------
START TRANSACTION;
USE `jj16e`;
INSERT INTO `jj16e`.`petstore` (`pst_id`, `pst_name`, `pst_street`, `pst_city`, `pst_state`, `pst_zip`, `pst_phone`, `pst_email`, `pst_url`, `pst_ytd_sales`, `pst_notes`) VALUES (1, 'Dave\'s Pets', '123 Main Street', 'New York', 'NY', 1001, 7182348934, 'davespets@yahoo.com', 'https://www.davespets.com', 25000.00, NULL);
INSERT INTO `jj16e`.`petstore` (`pst_id`, `pst_name`, `pst_street`, `pst_city`, `pst_state`, `pst_zip`, `pst_phone`, `pst_email`, `pst_url`, `pst_ytd_sales`, `pst_notes`) VALUES (2, 'Claws and Paws', '2347 Key Drive ', 'San Diego', 'CA', 92101, 6190986543, 'clawsandpaws@aol.com', 'https://www.clawsandpaws.com', 65000.00, NULL);
INSERT INTO `jj16e`.`petstore` (`pst_id`, `pst_name`, `pst_street`, `pst_city`, `pst_state`, `pst_zip`, `pst_phone`, `pst_email`, `pst_url`, `pst_ytd_sales`, `pst_notes`) VALUES (3, 'Furry Friends', '567 Sunday Lane ', 'Atlanta', 'GA', 30313, 4041237890, 'management@furryfriends.com', 'https://www.furryfriends.com', 89000.00, NULL);
INSERT INTO `jj16e`.`petstore` (`pst_id`, `pst_name`, `pst_street`, `pst_city`, `pst_state`, `pst_zip`, `pst_phone`, `pst_email`, `pst_url`, `pst_ytd_sales`, `pst_notes`) VALUES (4, 'Pet Partners', '212 Shore Ave', 'Key West', 'FL', 33040, 3059234837, 'sales@petpartners.com', 'https//www.petpartners.com', 32000.00, NULL);
INSERT INTO `jj16e`.`petstore` (`pst_id`, `pst_name`, `pst_street`, `pst_city`, `pst_state`, `pst_zip`, `pst_phone`, `pst_email`, `pst_url`, `pst_ytd_sales`, `pst_notes`) VALUES (5, 'Pet Palace', '72972 Two mile Road', 'Twentynine Palms', 'CA', 92277, 7603457890, 'inquiry@petpalace.com', 'https://www.petpalace.com', 40000.00, NULL);
INSERT INTO `jj16e`.`petstore` (`pst_id`, `pst_name`, `pst_street`, `pst_city`, `pst_state`, `pst_zip`, `pst_phone`, `pst_email`, `pst_url`, `pst_ytd_sales`, `pst_notes`) VALUES (6, 'Purrs and Grrs', '902 Crystal Court', 'Corpus Christi', 'TX', 78336, 2817891234, 'sales@purrsandgrrs.com', 'https://www.purrsandgrrs.com', 98000.00, NULL);
INSERT INTO `jj16e`.`petstore` (`pst_id`, `pst_name`, `pst_street`, `pst_city`, `pst_state`, `pst_zip`, `pst_phone`, `pst_email`, `pst_url`, `pst_ytd_sales`, `pst_notes`) VALUES (7, 'All 4 Petz', '782 Farragut Rd', 'Belleville ', 'IL', 32098, 6189743462, 'sales@allpetz.com', 'https://www.allpetz.com', 77000.00, NULL);
INSERT INTO `jj16e`.`petstore` (`pst_id`, `pst_name`, `pst_street`, `pst_city`, `pst_state`, `pst_zip`, `pst_phone`, `pst_email`, `pst_url`, `pst_ytd_sales`, `pst_notes`) VALUES (8, 'Dirty Dawgs', '32 Southgate Lane ', 'Orlando', 'FL', 78578, 4040789334, 'sales@dawgs.com', 'https://www.dawgs.com', 87000.00, NULL);
INSERT INTO `jj16e`.`petstore` (`pst_id`, `pst_name`, `pst_street`, `pst_city`, `pst_state`, `pst_zip`, `pst_phone`, `pst_email`, `pst_url`, `pst_ytd_sales`, `pst_notes`) VALUES (9, 'Puppies To-go', '89 High Road', 'Whichta Falls', 'TX', 79336, 2814562378, 'togo@togopups.com', 'https://www.togopups.com', 99000.00, NULL);
INSERT INTO `jj16e`.`petstore` (`pst_id`, `pst_name`, `pst_street`, `pst_city`, `pst_state`, `pst_zip`, `pst_phone`, `pst_email`, `pst_url`, `pst_ytd_sales`, `pst_notes`) VALUES (10, 'Rock n\' Dogs', '1916 Blackburn Ave', 'Tallahassee', 'FL', 32304, 8502348934, 'rockndogs@gmail.com', 'https://www.rockndogs.com', 100000.00, NULL);

COMMIT;


-- -----------------------------------------------------
-- Data for table `jj16e`.`pet`
-- -----------------------------------------------------
START TRANSACTION;
USE `jj16e`;
INSERT INTO `jj16e`.`pet` (`pet_id`, `pst_id`, `cus_id`, `pet_type`, `pet_sex`, `pet_cost`, `pet_price`, `pet_age`, `pet_color`, `pet_sale_date`, `pet_vaccine`, `pet_neuter`, `pet_notes`) VALUES (DEFAULT, 1, 10, 'Great Dane', 'f', 3500.00, 4000.00, 2, 'Tri color', '2020-04-30', 'y', 'n', NULL);
INSERT INTO `jj16e`.`pet` (`pet_id`, `pst_id`, `cus_id`, `pet_type`, `pet_sex`, `pet_cost`, `pet_price`, `pet_age`, `pet_color`, `pet_sale_date`, `pet_vaccine`, `pet_neuter`, `pet_notes`) VALUES (DEFAULT, 7, 9, 'Pitbull', 'f', 400.00, 250.00, 9, 'Blue', '2019-08-23', 'y', 'n', NULL);
INSERT INTO `jj16e`.`pet` (`pet_id`, `pst_id`, `cus_id`, `pet_type`, `pet_sex`, `pet_cost`, `pet_price`, `pet_age`, `pet_color`, `pet_sale_date`, `pet_vaccine`, `pet_neuter`, `pet_notes`) VALUES (DEFAULT, 2, 8, 'English Bulldog ', 'm', 325.00, 200.00, 56, 'Tri color', '2020-10-05', 'y', 'y', NULL);
INSERT INTO `jj16e`.`pet` (`pet_id`, `pst_id`, `cus_id`, `pet_type`, `pet_sex`, `pet_cost`, `pet_price`, `pet_age`, `pet_color`, `pet_sale_date`, `pet_vaccine`, `pet_neuter`, `pet_notes`) VALUES (DEFAULT, 3, 7, 'Shiba Inu', 'm', 5000.00, 2500.00, 17, 'Tan', '2019-05-28', 'y', 'y', NULL);
INSERT INTO `jj16e`.`pet` (`pet_id`, `pst_id`, `cus_id`, `pet_type`, `pet_sex`, `pet_cost`, `pet_price`, `pet_age`, `pet_color`, `pet_sale_date`, `pet_vaccine`, `pet_neuter`, `pet_notes`) VALUES (DEFAULT, 8, 3, 'Pomeranian', 'f', 900.00, 1000.00, 24, 'Brown', '2017-08-23', 'y', 'n', NULL);
INSERT INTO `jj16e`.`pet` (`pet_id`, `pst_id`, `cus_id`, `pet_type`, `pet_sex`, `pet_cost`, `pet_price`, `pet_age`, `pet_color`, `pet_sale_date`, `pet_vaccine`, `pet_neuter`, `pet_notes`) VALUES (DEFAULT, 9, 4, 'Yellow Lab', 'f', 1100.00, 980.00, 4, 'Yellow', '2015-12-23', 'y', 'y', NULL);
INSERT INTO `jj16e`.`pet` (`pet_id`, `pst_id`, `cus_id`, `pet_type`, `pet_sex`, `pet_cost`, `pet_price`, `pet_age`, `pet_color`, `pet_sale_date`, `pet_vaccine`, `pet_neuter`, `pet_notes`) VALUES (DEFAULT, 10, 1, 'Dalmatian', 'f', 899.00, 899.00, 8, 'Black/white', '2020-04-23', 'y', 'n', NULL);
INSERT INTO `jj16e`.`pet` (`pet_id`, `pst_id`, `cus_id`, `pet_type`, `pet_sex`, `pet_cost`, `pet_price`, `pet_age`, `pet_color`, `pet_sale_date`, `pet_vaccine`, `pet_neuter`, `pet_notes`) VALUES (DEFAULT, 4, 5, 'Rottweiler', 'f', 1000.00, 700.00, 36, 'Black/Brown', '2019-12-31', 'y', 'y', NULL);
INSERT INTO `jj16e`.`pet` (`pet_id`, `pst_id`, `cus_id`, `pet_type`, `pet_sex`, `pet_cost`, `pet_price`, `pet_age`, `pet_color`, `pet_sale_date`, `pet_vaccine`, `pet_neuter`, `pet_notes`) VALUES (DEFAULT, 6, 2, 'Golden Retriever', 'm', 780.00, 650.00, 4, 'Tan', '2017-05-22', 'y', 'n', NULL);
INSERT INTO `jj16e`.`pet` (`pet_id`, `pst_id`, `cus_id`, `pet_type`, `pet_sex`, `pet_cost`, `pet_price`, `pet_age`, `pet_color`, `pet_sale_date`, `pet_vaccine`, `pet_neuter`, `pet_notes`) VALUES (DEFAULT, 5, 6, 'Husky', 'm', 2500.00, 2000.00, 32, 'Black/white', '2020-04-20', 'y', 'y', NULL);

COMMIT;

